cod_cliente,nm_cliente,nm_pais_cliente,nm_cidade_cliente,nm_rua_cliente,num_casa_cliente,telefone_cliente,dt_nascimento_cliente,dt_atualizacao,tp_pessoa,vl_renda
980,Krista Rogers,Guadeloupe,Kellyview,Barker Walk,3309,(95)39194-2483,2001-10-29,2024-04-18,PJ,57900.19
177,Veronica Russell,Guinea-Bissau,Romanside,Tucker Canyon,268,(42)71167-9960,1991-08-03,2024-10-28,PJ,78775.44
267,William Hughes,Mongolia,Taylorview,Daniel Inlet,72089,(70)40026-9752,2006-12-08,2025-01-20,PF,8877.67
980,Anita Riggs,Suriname,New Catherinestad,Daniel Plain,54225,001-595-499-9546x079,2002-12-19,2024-04-08,PJ,41326.54
530,Alan Humphrey,Belgium,Dianeshire,Wu Inlet,80620,(11)55935-5396,1963-12-18,2024-11-28,PJ,67695.14
561,Haley Harris,Swaziland,Michaeltown,Marsh Stravenue,562,(71)90455-9956,1963-02-05,2024-11-04,PJ,48874.57
396,Donald Walker,Cayman Islands,New Daisy,Palmer Crescent,25702,723.957.2526x786,1946-03-24,2024-07-18,PJ,20094.37
212,Kevin Smith,Bahrain,East Jasontown,James Fork,37887,(89)34335-7239,1952-07-12,2024-06-14,PJ,93220.41
396,Jennifer Malone,Korea,Port Victormouth,Smith Walk,91710,(25)32909-5910,2005-11-20,2024-06-23,PJ,93709.69
763,Justin Hunter,Rwanda,West Joseph,Linda Walks,752,(80)97036-1375,1958-08-15,2024-09-28,PF,9163.69
975,Lindsey Lewis,Cook Islands,East Josephfurt,Dunn Groves,660,(30)47422-4038,1946-03-13,2025-03-23,PJ,54144.95
177,Sierra Quinn,Zambia,Melindatown,James Run,6471,(45)88202-7887,1954-08-09,2025-03-03,PJ,69799.53
190,Noah Stone,Suriname,Martinview,Huerta Lock,296,(93)69452-5359,1966-09-09,2024-11-29,PJ,64615.03
190,Ana Wilson,United Kingdom,Port Denisechester,Claire Mills,651,(73)75320-5643,1964-07-24,2024-08-05,PF,4582.51
925,Randy Robles,Palau,Moodychester,Wallace Gardens,8050,(35)43622-2974,1952-03-28,2024-07-31,PJ,95576.2
920,Danielle Lopez,Guadeloupe,Christinemouth,Stephen Mews,78487,(79)28255-5198,1983-06-15,2024-05-10,PF,6361.51
980,Diana Williams,Bermuda,Frankborough,Nguyen Bridge,15217,(30)19810-8705,1945-11-09,2025-04-02,PF,1438.95
850,Tiffany Johnson,Turks and Caicos Islands,Austinmouth,Trevor Villages,78380,(78)24440-4480,1986-04-07,2024-09-09,PF,5276.56
267,Anthony Hernandez,Cameroon,Andrewborough,Castillo Motorway,3935,(74)75481-7026,2000-12-17,2024-05-04,PF,4406.63
177,Karen Hart,Central African Republic,West Williamchester,Wilson Ridges,16422,(913)801-5772,1991-07-20,2025-02-23,PJ,81390.19
353,Laura Heath,Djibouti,Sextonstad,Jonathon Lake,73234,(20)32055-1323,1955-05-11,2024-07-10,PJ,98259.23
904,Keith Riddle,France,West Jenniferfort,Megan Shoal,58273,553.399.1647x26248,1970-01-31,2024-04-30,PF,5833.75
202,John Fisher,Syrian Arab Republic,Thompsonmouth,Sean Unions,038,(87)46749-7229,1987-12-29,2025-01-15,PJ,55400.22
175,Jason Dunn,Saint Helena,Kerrytown,Gonzalez Mountain,189,+1-890-715-2586,1970-03-22,2024-12-22,PF,7647.96
106,Tyler Black,Saint Martin,New Tanya,Jean Vista,508,(19)89048-1969,1955-11-23,2024-08-16,PJ,87990.44
841,Robert Williams,Luxembourg,Katherineside,Jennifer Lock,03951,(63)75324-6105,1979-05-31,2024-08-21,PJ,30714.16
620,Tracy Gentry,Tanzania,Lake Joshuabury,Lambert Stream,13392,(82)40503-3445,1957-11-21,2024-09-21,PF,8844.37
855,James Levine,Pitcairn Islands,New Cathy,Davila Freeway,5122,(70)85824-4181,1964-06-06,2024-09-30,PF,3593.67
731,Diane Payne,Grenada,Saraburgh,Vincent Shores,0749,(11)49227-7283,1951-10-25,2025-03-05,PJ,82833.96
462,Janet Decker,Chad,New Aprilfort,Mary Station,2933,(46)23936-8832,1965-09-22,2024-11-20,PF,3249.46
668,David Wyatt,Azerbaijan,North Steven,Serrano Rue,0800,(65)76218-4161,1984-03-06,2024-05-14,PF,8785.55
620,Brian Simon,Hong Kong,Ronaldshire,Smith Key,605,(56)68831-7655,1947-03-17,2024-08-04,PJ,21330.8
909,Scott Mann,Tajikistan,Grahamshire,Flores Lock,30064,(18)38418-1574,1972-02-28,2024-10-11,PJ,23417.81
972,Matthew Shea,Netherlands,Lake Teresatown,Crystal Roads,3488,(64)71698-5770,2004-02-17,2025-02-14,PJ,47601.7
627,Gabriella Mathis DDS,Croatia,Christopherfurt,Anderson Lock,232,(386)686-5563x755,1992-03-13,2024-09-08,PF,5753.37
972,Mark Hernandez,Western Sahara,South Stephenberg,William Circle,20819,(99)12029-9967,1972-11-18,2025-03-18,PF,9487.63
396,Sarah Allen,Seychelles,North Melissabury,Burke Grove,249,(39)32960-8465,2001-10-12,2025-04-02,PJ,37091.67
850,Anthony Stout,Tunisia,Nicholasville,Tanya Trafficway,6287,(31)34284-5497,1971-02-23,2024-10-03,PF,4393.5
96,Lori Wolfe,San Marino,East Richard,Taylor Island,1155,(14)62841-1416,1966-07-05,2024-09-06,PJ,30876.76
735,Victoria Galvan,Uruguay,Jasonshire,Owens Trafficway,710,(21)30216-7996,1955-02-21,2024-04-20,PF,8885.21
577,Diane Clark,Uzbekistan,Ryanport,Oliver Mall,64696,(51)99850-5357,1960-05-06,2024-06-08,PJ,36763.22
658,Kristy Huber,Pitcairn Islands,Lyonstown,Antonio Villages,900,(37)84216-3351,1958-10-05,2024-10-03,PJ,69945.52
763,Lori Miller,Heard Island and McDonald Islands,Port Christopher,White Trafficway,3781,(12)45736-9218,2000-04-05,2024-06-23,PJ,43890.25
519,Andrea Harper,Ireland,North Samuel,Anderson Stravenue,386,(30)90486-2175,1995-11-19,2024-10-03,PJ,24298.63
457,Dennis Greene,Indonesia,Garrettport,Michael Valley,18463,(43)59191-8743,1961-05-30,2024-12-02,PF,8093.24
925,John Acosta,Belgium,Catherineside,Marquez Knoll,295,(85)66915-9517,1955-03-26,2024-10-29,PF,9870.36
19,George Lopez,Tanzania,Davidfurt,Jerry Alley,06752,(53)12959-3727,1991-08-14,2024-06-13,PJ,44115.16
657,Katelyn Hogan,Seychelles,Jamesville,Berry Creek,8393,(80)71640-4721,1959-04-22,2024-04-19,PF,4765.1
294,Jeremy Lee,Tajikistan,Williamsmouth,Timothy Via,4186,(31)87507-4192,1950-02-26,2024-12-21,PF,9631.78
977,Karen Hill,Suriname,Lake Timothyside,Morgan Green,5226,(79)29781-4596,1998-04-23,2024-07-23,PJ,78994.95
423,Laura Love,Mauritania,Johnsonmouth,Aaron Dale,523,6993474541,2005-08-22,2024-09-22,PJ,99764.12
878,Shannon Valencia,Lesotho,Martinezfort,Terri Harbor,3044,(42)27673-1471,1965-11-03,2025-01-23,PF,3177.96
2,April Sandoval,United States of America,Dianaburgh,Brian Inlet,2721,(82)23630-7260,1958-08-19,2025-01-27,PF,9185.91
712,Ryan Holland,Nauru,Amandashire,Johnson Ways,04109,(29)79186-6673,1952-11-09,2024-10-24,PF,4487.25
616,Andrew Diaz,United Kingdom,Guerrerofurt,Daniel Pass,8433,(37)52962-4364,1978-02-08,2024-07-07,PF,8466.43
698,Robert Harrison,Kuwait,Howellmouth,Jennifer Greens,451,(88)97993-7556,1957-01-31,2024-12-14,PJ,54673.44
479,Jeffrey Adams,Samoa,Gilbertshire,James Plains,501,(47)86379-8025,1946-05-02,2024-06-11,PF,5999.13
191,Kenneth White,Czech Republic,North Edward,Clark Valleys,81766,(58)72825-4741,1990-02-01,2024-09-20,PJ,19330.33
227,Richard Howell,Gabon,Lake Emma,Thomas Hollow,972,(72)17202-1483,1978-04-01,2024-04-19,PJ,46536.83
227,Kristi Barnett,Palestinian Territory,New Jacobmouth,Castaneda Avenue,014,(70)81767-8660,1954-04-04,2024-11-07,PF,5844.19
538,Brittany Myers,Guatemala,Lake Lisa,Alicia Course,175,(52)32078-3683,1999-07-13,2024-05-11,PF,9732.26
626,Rachel Alexander,Cocos (Keeling) Islands,South Emilyfurt,Alexis Rapids,4426,(66)31099-3974,1973-05-21,2024-11-11,PF,3068.61
71,Anthony Goodwin,Zimbabwe,Blackburnbury,Ricky Tunnel,500,(42)62328-8612,1983-08-17,2024-05-09,PF,5468.37
850,Alice Henry,Norway,Johnberg,Myers Mission,3757,(39)80833-1622,1974-01-27,2025-02-23,PJ,73877.9
855,David Peters,Zimbabwe,Davidland,Jessica Forge,306,(74)63975-3499,1975-11-17,2024-12-15,PF,1771.47
109,John Elliott,Lithuania,South David,Johnson Meadows,965,(12)85043-4513,1996-10-18,2024-10-30,PF,6070.27
730,Clayton Wilkins,Switzerland,Carlmouth,Kelly Roads,8131,(82)71606-4660,2000-05-28,2024-06-27,PF,4217.92
553,Sean Taylor PhD,Portugal,Derrickshire,Brown Village,77176,(35)40296-2920,1993-06-29,2024-10-14,PJ,83547.55
625,Karen Murray DDS,Liberia,Parkershire,Kimberly Centers,4773,(48)16835-6599,1981-05-29,2024-11-28,PF,8666.89
37,Catherine Logan,Haiti,New Brandon,Tracy Passage,62690,(15)28293-8862,1946-05-03,2024-05-06,PF,6888.32
345,Kathy Ray,British Indian Ocean Territory (Chagos Archipelago),New Briannachester,Corey Lane,6737,(31)98547-9492,1992-11-12,2025-01-17,PF,2621.58
464,Calvin Barnett,Guyana,Lake Davidview,Kenneth Ridge,91270,(15)10563-2701,1967-01-04,2025-03-07,PJ,36183.52
503,Lindsey Garcia,Honduras,New Aprilfurt,Nancy Mission,6680,(11)11509-4502,1983-09-30,2025-01-12,PJ,87381.16
620,Kimberly Shaffer,United States Minor Outlying Islands,South Carolyn,Robinson Mount,4394,(48)95758-8725,1948-10-27,2024-04-23,PJ,49579.33
423,Joshua Ruiz,Solomon Islands,Greenton,Collier Plain,2651,(44)84233-2976,2007-03-01,2025-03-04,PJ,59083.75
593,Katelyn Ramos,Guinea,Port Jennifer,Daniel Extension,79670,(54)43999-3979,1950-10-29,2025-02-13,PJ,92955.34
405,Joshua White,Hong Kong,Samuelview,Hubbard Harbor,11566,(39)15579-8253,1983-08-23,2024-06-28,PJ,77827.36
878,Jennifer Jarvis,Norfolk Island,Port Carol,Wesley Path,75348,(19)74296-2329,1988-06-14,2025-03-30,PJ,64601.98
693,Lisa Smith,Puerto Rico,Gomezview,Shelly Lock,641,(28)22329-1566,1988-09-02,2024-11-10,PJ,32045.37
143,Nicole Stewart,Panama,Kingburgh,Bates Lock,995,(71)36454-9466,1977-04-02,2024-11-20,PF,5042.14
195,Rebecca Warren,Belize,North Melissa,Melissa Falls,9932,2364617502,1958-02-22,2025-01-08,PF,1127.9
479,Sharon James,Grenada,Lake Douglasborough,Susan Loop,265,(27)33955-1060,1956-05-25,2024-07-26,PF,2018.45
387,Adam Knapp,Honduras,New David,James Glens,543,(84)23560-2225,1961-08-14,2025-01-24,PF,6410.71
405,Lindsay Lopez,Montserrat,Dustinhaven,Alexandra Row,01973,(81)10582-3986,1953-04-01,2024-05-28,PJ,26093.76
631,Frank Murphy,Bouvet Island (Bouvetoya),Reevesside,Ivan Creek,0416,(86)71659-2790,2004-09-23,2025-03-16,PF,4436.59
836,Christina Henderson,Thailand,Lake Lisaland,Jeffrey Square,17229,(26)26295-4753,2005-09-12,2024-09-24,PF,1087.34
372,Laura Valentine,Central African Republic,North Kelly,Joseph Inlet,8790,(807)904-4076x5946,1989-08-15,2024-12-25,PF,5436.87
610,Mark Kline,Cyprus,Phillipberg,Rebecca Island,468,+1-227-285-0897,1975-12-08,2024-06-03,PF,6846.95
396,Shelby Nelson,Romania,North Kendra,Thompson Isle,7982,(41)74353-8054,1999-03-10,2024-08-07,PF,5170.06
227,Christian Holland,Falkland Islands (Malvinas),Josephmouth,Hawkins Cape,252,(39)76162-9459,1979-05-13,2025-04-04,PF,6955.53
570,Donna Mason,Faroe Islands,Gallowayland,Glass Isle,2716,(29)38288-7707,2007-02-14,2025-01-31,PJ,41471.54
663,Jane Welch,Guam,East John,Rodriguez Overpass,067,(42)69283-2457,1948-12-14,2024-05-10,PJ,92472.7
583,Megan Conley,United States Virgin Islands,Austintown,Clark Mews,6660,(69)11431-2988,1994-04-28,2024-11-24,PJ,63016.95
108,Amy Houston,Senegal,New Dariusfort,William Port,00555,+1-853-781-4458x25257,2000-07-07,2024-04-11,PJ,83746.92
52,Mrs. Cynthia Morton,Comoros,Taylormouth,Robert River,8377,(97)44342-3590,1992-07-12,2025-01-26,PJ,88560.81
457,Monica Blanchard,Colombia,Matthewmouth,Aguilar Burg,69239,(40)45080-5303,1948-03-29,2025-01-03,PF,5585.9
778,Cheryl Clayton,Liechtenstein,Bondborough,Nathaniel Coves,20198,(56)95995-6056,1959-11-19,2024-05-22,PF,8876.64
520,Krista Todd,Albania,South Angel,Bishop Shore,859,(51)90995-3146,2003-01-08,2024-05-18,PJ,65031.23
412,Christina Valdez,Belize,Weberfurt,Jo Viaduct,767,(91)17875-8041,1998-12-28,2024-08-12,PJ,43054.1
895,Kathleen Singh,Kiribati,Robertshire,Jessica Courts,146,(76)13595-8889,1999-06-11,2024-04-05,PF,1545.64
557,Heather Smith,Botswana,Brendaton,Deleon Road,3786,(80)34944-6443,2005-09-06,2025-01-16,PF,4716.57
93,Carly Cooper,Indonesia,East Melissa,Joann Meadow,6780,(59)64996-1685,1972-06-16,2025-03-16,PJ,97777.42
500,Kristina Hill,Turks and Caicos Islands,Davidmouth,Gomez Fall,7981,(67)83544-8363,1950-08-21,2025-02-02,PJ,65236.35
771,Lorraine Duncan,Afghanistan,South Nicholas,Carl Fort,99737,(49)91424-8721,1975-01-29,2024-10-27,PJ,37404.39
127,Curtis Jones,Afghanistan,Bakertown,Reed Estate,01739,(97)47892-9978,1975-10-20,2024-04-16,PF,1027.37
216,Jeffrey Strickland,Somalia,West Timothyport,Diane Port,878,(85)80426-2080,1960-05-07,2024-04-25,PJ,80812.99
583,Michael Scott,American Samoa,Josephmouth,Heather Brooks,59581,(63)23185-7420,1998-07-05,2024-09-27,PJ,79729.11
794,Amy Myers,Belgium,Shermanshire,Justin Crossroad,4011,(34)74261-9946,1948-07-16,2024-11-19,PJ,47840.72
684,Christie Cox,United States Virgin Islands,Campbellland,Theresa Court,18135,(69)43273-6031,1969-08-31,2024-10-23,PJ,11773.61
827,Mark Phillips,Niue,Lake Tyler,Patricia Plain,363,(86)57617-1656,1998-06-12,2024-12-24,PJ,27763.12
989,Gary Maldonado,Brazil,Lutzstad,Jennifer Trail,0549,(49)48763-5968,1967-11-28,2024-08-27,PF,2869.24
44,Heather Lee,Saudi Arabia,Archerview,Hutchinson Rue,320,(80)12928-9087,1993-11-13,2025-04-03,PF,5388.93
295,Joshua Carr,Lesotho,Williamsview,Jason Springs,44355,(20)55455-3844,1980-08-26,2025-03-18,PJ,44113.78
952,William Diaz,Egypt,Shannonfort,Robinson Neck,41572,(63)28881-5927,1965-06-17,2024-04-11,PF,8641.15
725,Shannon Wright,Anguilla,Taylorbury,Lindsey Forest,7168,(61)90465-5860,1998-07-23,2024-07-24,PF,6993.77
509,Lisa Scott,Namibia,Tatetown,Dawson Causeway,29468,(37)34304-1459,1994-08-23,2025-02-08,PF,4090.94
271,Renee Merritt,Montserrat,Martinville,Lisa Motorway,115,(29)48887-5523,1951-09-27,2024-07-02,PF,8980.82
703,Jill Cameron,Luxembourg,New Frank,Blake Estate,47213,(12)31150-5176,1945-09-12,2024-07-11,PJ,79327.4
415,Michael Dyer,Western Sahara,West Tyler,Nancy Mill,2728,(25)51633-1869,1956-06-08,2024-11-03,PF,4801.25
878,Bryan Cook,Lithuania,Davidport,King Ville,0071,(13)57854-1325,1985-12-07,2024-09-18,PF,7634.83
296,Renee Fletcher,Egypt,West Jeffery,Saunders Corner,742,(258)361-3551x476,1969-01-10,2024-07-03,PF,8286.77
956,Mark Griffith,Tunisia,Dylanbury,Johnson Grove,96038,(91)66329-3873,1961-01-29,2024-04-10,PF,8126.33
54,Barbara Tucker,Afghanistan,Tamaraborough,Nguyen Lane,660,(95)20288-5472,1951-05-28,2024-09-08,PF,9485.05
668,Jerry Beard,Liechtenstein,Mortonbury,Michael Common,992,(70)95333-5705,1993-09-02,2025-03-06,PF,7545.9
326,Tracy Cox,Ukraine,Lisaville,Wagner Stravenue,031,(37)34958-9117,1950-12-04,2024-07-22,PF,5967.25
350,Monica Howard,Spain,Liufurt,Laura Lake,76544,(75)21389-5139,1995-12-22,2024-10-13,PJ,78335.71
61,Michael Klein,Slovenia,East Sarah,Day Mall,862,(35)55330-2346,1962-05-02,2024-08-03,PJ,31529.55
41,Matthew Mejia,Martinique,East Nicholasview,Jessica Pines,80310,(66)42819-9537,1975-09-19,2024-11-11,PJ,53415.03
449,Lorraine Campbell MD,Maldives,Kathrynland,Brown Plains,5647,(82)80989-4062,1945-10-30,2024-10-25,PJ,79747.16
393,Kevin Ward,Turks and Caicos Islands,Johnsonmouth,Jones Gardens,6644,(15)52050-3895,1962-10-08,2024-11-04,PF,1375.66
650,Lisa Guzman,Saint Kitts and Nevis,New Brandon,Penny Island,098,(44)36285-6997,1998-08-06,2025-03-03,PJ,33578.76
436,Elizabeth Kelley,Belize,Bakermouth,Kimberly Oval,22995,(11)99638-4803,1962-07-06,2024-09-18,PJ,13480.61
979,Melissa Durham,Togo,New William,Smith Rapids,53110,(45)44413-8880,1983-08-22,2024-07-05,PJ,26504.1
488,Corey Sanders,Cayman Islands,Port Jackshire,Lisa Walks,8982,(32)31207-6430,1948-02-06,2024-12-06,PJ,44880.98
806,Daniel Chaney,Christmas Island,West Donaldview,Karen Extensions,282,(67)26378-3399,1981-01-24,2024-11-06,PF,7033.15
300,James Pitts,Austria,Brianbury,Katie Cape,069,(18)67029-3005,2005-08-10,2024-04-06,PF,1202.61
792,Melissa Olson,Malaysia,Gonzalesbury,Jamie Mill,234,(88)82189-7085,1963-02-17,2024-09-26,PF,3326.07
621,Katherine Kirk,France,Port Joseph,Mark Fall,2014,(27)89562-2811,1981-06-12,2024-07-09,PF,5442.51
691,Joseph Jackson,Luxembourg,East Tiffany,Matthews Trail,89767,(42)27758-6991,1964-06-20,2024-12-27,PJ,32978.88
33,Kevin Turner,Bahamas,East Victoria,Barnes Walks,3439,(45)81688-7869,1989-05-09,2024-11-28,PF,9687.22
638,Adam Gross,Guinea,Jeremystad,Walker Skyway,0321,(10)11651-8643,1981-09-19,2024-05-19,PF,4877.12
572,Matthew Barton,Liberia,Port Adam,Osborn Terrace,0216,(12)39248-5812,2000-10-17,2024-10-11,PF,7938.22
805,Nicole Rhodes,Colombia,West Joshuaborough,Shelton Branch,2283,(96)83737-4064,1947-02-07,2024-05-22,PJ,97289.99
93,Ryan Hutchinson,Algeria,Parrishchester,Jill Neck,54889,(97)99202-1377,2006-02-10,2024-06-09,PJ,90156.45
503,Andrew Leach,Sierra Leone,Johnside,Harold Orchard,8576,(87)82132-9169,1957-12-04,2024-05-06,PJ,64619.33
765,Mary Scott,Panama,East Beth,Mark Light,997,(16)53580-1790,1979-10-08,2024-12-05,PF,7174.28
324,Thomas Murillo,Congo,Port Danielburgh,Ryan Squares,89835,(56)65796-9705,1950-10-07,2024-08-01,PJ,19115.72
849,Patricia Skinner,Malawi,East Sarahborough,Jason Mountains,0073,(43)43571-6159,1971-02-19,2024-12-28,PJ,72006.7
172,Leah Davis,San Marino,Matthewside,Shaw Squares,70008,(19)22385-8498,1953-08-02,2024-08-18,PF,7886.35
824,Stephanie Thomas,Israel,Josephport,Thomas Court,006,(75)27878-4243,1966-12-25,2024-04-12,PF,8891.2
931,Benjamin Johnston,Mexico,Martinbury,Green Knolls,224,(77)58782-1053,1964-01-17,2025-03-28,PJ,42832.8
185,Leslie Alvarado,Kyrgyz Republic,Rhondatown,Melissa Turnpike,1288,(76)74557-1181,1997-03-22,2024-06-05,PF,1970.88
396,Shelia Lara,France,Lake Kennethtown,Michele Pines,133,(11)82513-7050,1990-07-11,2024-04-10,PJ,55683.41
41,Terri Whitehead,New Caledonia,Rachelmouth,Yvonne Tunnel,01484,(18)42035-9271,1967-05-26,2024-07-18,PF,2523.15
801,Maria Miller,Marshall Islands,Lake Nathanielshire,Johnson Square,1829,(14)33220-9882,1960-09-14,2025-01-09,PJ,13112.4
849,Kimberly Anderson,Micronesia,North Whitney,Parsons Mountain,67382,(89)11563-9923,1987-01-29,2024-07-03,PF,9591.38
847,Mary Kim,Panama,Brownfort,Martinez Mount,150,(82)99269-7123,2000-07-05,2025-01-21,PF,8810.05
511,Brandy Campbell,Luxembourg,Annettefort,Keith Motorway,163,(23)47483-3628,1960-02-20,2024-05-20,PJ,57399.33
970,Levi Diaz,Palestinian Territory,Johnborough,Curtis Trafficway,890,(35)15373-5311,1979-08-17,2025-01-06,PF,1968.06
194,Steven Carpenter,South Georgia and the South Sandwich Islands,Kristyfurt,Heather Ports,2789,(76)74023-9132,1999-04-11,2024-12-31,PF,6676.36
771,Brenda Conley,Latvia,Baileyville,Sarah Corner,6563,(31)18392-1930,2000-09-26,2024-12-26,PF,3072.97
863,Justin Reed,Haiti,Banksland,Sandra Village,95411,(31)83492-3220,1982-06-11,2025-02-12,PF,9359.47
679,Norma Thomas,Haiti,Lake Charles,Jonathan Ridge,75575,(18)47744-6136,1983-07-11,2024-05-23,PF,1085.21
794,Theresa White,Mongolia,Lake Kevinborough,Matthew Alley,03746,(76)50189-8976,2004-06-28,2024-05-01,PF,9219.81
820,Jonathan Mccarthy,Singapore,Spencermouth,Timothy Ridges,8451,(10)28015-9219,1989-03-29,2024-10-12,PJ,94783.13
798,Deborah Sullivan MD,Uzbekistan,Monicatown,Jonathan Views,15738,(59)79532-8138,1950-12-04,2024-05-10,PJ,84088.51
8,Kathleen Wilson,Tokelau,Lake Benjaminview,Hammond Gateway,4204,(52)47386-5738,1962-12-17,2025-02-21,PF,4268.99
453,Daniel White,Ethiopia,East Richardchester,Richard Points,48727,306.207.5712x1004,1968-05-03,2024-07-04,PF,6571.92
882,Gregory Miller,Saint Kitts and Nevis,East Elizabethmouth,Lewis Lane,490,(53)27282-4137,1948-04-02,2024-07-29,PJ,10415.43
830,Jim Davis,Korea,Brandimouth,Jose Centers,958,(37)96558-6613,1995-04-17,2024-08-25,PF,4576.4
754,Thomas Johnson,Mexico,East Kevinton,Jones Mills,47489,(266)319-3372,1968-05-28,2024-12-26,PF,6030.12
854,David Oliver,Russian Federation,New Leslieborough,Stark Trail,9297,(93)51130-8572,1965-07-26,2024-06-03,PF,6438.25
42,Kelly Valdez,Western Sahara,North Charleschester,Kendra Trafficway,301,(16)59437-6186,1968-03-27,2024-07-17,PJ,82100.4
70,Karla Lynch,Cambodia,Sherryburgh,Ashley Turnpike,36568,(25)74804-5625,1954-09-09,2024-07-30,PF,9473.47
225,Steven Blair,Namibia,South Susanville,Carr Brooks,632,(62)70766-1440,1974-12-02,2024-09-17,PF,5490.41
734,John Walter,Congo,West Miranda,Richardson Inlet,75977,(78)19194-6187,1945-01-06,2024-12-01,PF,1105.8
464,Michelle Wilkinson,Philippines,Aprilview,Donna Gateway,057,(72)24665-7246,1962-08-26,2024-12-17,PF,8580.94
887,Diane Davis,Maldives,South Kevin,Angela Squares,0879,(87)16500-8842,1973-01-10,2024-10-18,PJ,16673.63
229,Lindsey Jackson,United States Minor Outlying Islands,South Zacharyfurt,Porter Stravenue,259,(90)62635-5625,1959-05-05,2024-05-25,PJ,82796.67
261,Dan Anderson,Cote d'Ivoire,Erikaside,Santiago Mall,87642,(67)15362-7201,2003-02-22,2024-11-01,PJ,36560.78
254,Steven Haynes,Botswana,East Ronaldshire,Cindy Route,5851,(15)30170-1603,1970-08-08,2024-05-23,PJ,98546.46
809,Blake Torres,Lebanon,Markshire,Jeremy Motorway,7313,(18)65685-3871,1968-11-10,2025-03-21,PF,5480.67
975,Jessica Gardner,Egypt,Port Davidside,Meadows Plains,974,(18)47406-7831,1995-02-21,2024-11-06,PJ,67549.25
784,Heather Oneal,Uganda,Port Jasonfort,Foley Radial,164,(27)50985-8792,2003-01-10,2024-08-08,PF,4311.66
811,Daniel Mayer,Finland,Kimberlyville,Berger Village,9732,(99)15894-4054,1954-04-17,2024-07-01,PF,4799.15
376,Cynthia Hamilton,Suriname,Allenland,Matthew Square,8957,(27)84408-6934,1983-04-14,2024-10-09,PJ,73406.99
625,Robert Martin,Heard Island and McDonald Islands,Macdonaldport,Andrew Inlet,84560,(34)91628-2024,1993-03-19,2024-07-30,PJ,27176.86
856,Elizabeth Watson,French Southern Territories,Port Christopher,Yvonne Rest,09999,(29)94202-8233,1976-09-10,2024-08-27,PJ,97549.74
479,Sylvia Mcknight,Sudan,North Tamarashire,Eric Spurs,97230,(70)13271-4027,1997-08-06,2024-07-05,PJ,13643.3
984,Megan Schultz,Saint Helena,West Justin,Myers Road,660,+1-501-686-2029,1989-06-01,2025-02-21,PJ,51332.52
586,Pamela Parker,Saint Helena,Lake Kellyburgh,Richard Fork,52377,3185060187,1952-07-02,2024-10-31,PF,8305.58
546,Melissa Baker,Ethiopia,Port Jeremiah,Rivas Gardens,5783,(86)44114-2915,1979-08-16,2024-12-18,PF,3092.78
760,Gary Duncan,Burkina Faso,Aprilview,Lang Row,4702,(23)56163-1500,1985-07-29,2025-03-18,PJ,91410.83
322,Jason Reid,Guadeloupe,Stephanieville,Gallegos Divide,145,(28)37664-6730,1953-05-15,2024-07-07,PF,7722.21
632,Matthew Ford,Liechtenstein,West Erikaview,Tonya Prairie,822,(57)18598-3854,2001-11-24,2024-06-18,PJ,72124.52
306,Scott Harris,British Indian Ocean Territory (Chagos Archipelago),East Michaelbury,Campbell Road,3123,(83)71508-1269,1948-07-10,2024-12-11,PJ,99349.18
839,Ms. Laurie Wilson,Seychelles,West Shawntown,Brian Prairie,1794,(42)64856-5542,1970-11-16,2024-09-23,PJ,18991.07
465,Dominique Anderson,Malta,Aprilborough,Amber Shores,62499,(84)58489-3940,1954-09-24,2024-07-23,PF,7909.54
1000,Michael Owens,Zambia,Chaneyland,Jennifer Crossroad,8373,(75)81616-4893,1988-11-15,2025-03-06,PJ,86772.41
970,Trevor Houston,Cameroon,Marshborough,Chelsea Heights,347,(48)74559-8695,1973-07-04,2024-08-28,PF,1989.02
938,Tina Mcguire,Argentina,South Aimeemouth,Johnson Alley,79882,(32)90218-4446,1945-04-12,2024-04-28,PJ,30761.34
806,Gina Little,Saint Helena,New Amandaberg,Megan Crossing,938,(26)65174-4173,1965-04-22,2024-12-06,PJ,60251.39
200,Kristen Lynn,Belize,New Michaelton,Antonio Mall,18314,(21)10662-8616,1993-04-24,2025-03-19,PF,1745.49
767,Lance Sweeney,Gabon,Port Bethbury,Pollard Ranch,5747,(56)48552-4296,1997-04-09,2024-10-22,PF,2754.12
746,Elizabeth Martin,Slovenia,West Sarah,Stewart Crossroad,12504,(55)65757-7238,2001-10-29,2024-09-10,PF,4955.36
126,Michelle Medina,Burundi,Heathburgh,Escobar Vista,5780,(15)72591-6630,1949-11-30,2024-08-25,PF,5507.59
407,Mr. Craig Martinez DDS,Uzbekistan,Christopherton,Bush Park,0210,(96)69908-8867,1981-07-26,2025-03-26,PJ,87212.66
66,Katherine Pratt,Switzerland,Smithbury,Robert Loaf,9266,(56)28833-3259,1950-08-01,2024-07-23,PF,6552.94
878,Tanya Bradley,Azerbaijan,Lake Eric,Noah Meadow,008,(14)30156-9376,1990-07-10,2025-03-20,PF,3435.28
986,Jill Williams,Korea,Potterfurt,Alex Brook,19780,(76)70730-7717,1992-04-12,2024-05-26,PF,5373.14
635,Gina Weaver,Turkmenistan,Fergusonstad,Fuller Trafficway,4507,(58)47133-8589,1967-07-21,2024-09-04,PF,1112.04
965,Lisa Mckinney,Netherlands Antilles,Troyborough,Rebecca Track,8380,(70)20831-8173,1988-12-25,2024-08-03,PF,1005.6
503,Matthew Garcia,Saint Barthelemy,Michaelview,Phillips Divide,44795,(55)87392-3914,1992-11-26,2025-03-24,PF,6998.38
570,Elizabeth Joseph,Bulgaria,New Rhondabury,Tabitha Point,74552,(31)96104-6041,1978-01-20,2024-10-19,PF,5436.01
265,Kristie White,Monaco,Davidbury,Simmons Walk,9713,(85)59840-4983,1965-09-16,2024-12-30,PJ,11594.7
624,Richard Peters,Sudan,Emmaton,Patty Pike,81568,(45)88230-7207,1997-02-13,2024-08-20,PJ,56725.63
845,Dorothy Bailey,Mauritania,Port Greggton,Lauren Lakes,77750,(96)76364-5465,1959-08-30,2024-09-02,PF,8836.9
908,Erica Yates,Belarus,Rodriguezland,Nelson Common,70596,(39)88835-4361,1993-09-06,2025-03-09,PJ,28548.18
443,Elizabeth Jensen,Georgia,Mckeefurt,Miller Union,025,(11)68968-8823,1960-04-12,2024-05-05,PF,8297.44
121,John Martin,Egypt,Port Johnmouth,Karen River,77887,(90)60100-9148,1950-11-26,2024-10-03,PF,5613.23
779,Daniel Schmidt,Japan,New Courtney,Petty Dam,66077,(57)30432-2711,1996-01-04,2025-01-08,PJ,67113.62
846,Amber Griffith,Solomon Islands,North Andrewtown,Monroe Cape,789,(62)94539-3760,2004-03-27,2025-03-28,PJ,62122.87
616,Samantha Patel,Namibia,South Ellenside,David Ways,6684,(704)484-1951,1957-02-09,2024-08-08,PJ,70855.94
262,Steven Fuentes,Azerbaijan,Alfredfort,Jonathan Parkway,851,(77)59053-4245,1969-07-06,2024-05-19,PJ,62020.84
479,Jasmine Bautista,Micronesia,Elizabethville,Rhodes Spring,257,(52)89525-1429,1990-12-20,2024-08-16,PF,6471.28
244,Amy Weaver,Tunisia,New Sydneyshire,Tracy Light,0000,(89)64099-6639,1957-06-19,2024-04-05,PJ,38047.44
563,Brandon Miller,Slovakia (Slovak Republic),Steventon,Aaron Inlet,841,(91)69575-4977,1966-01-24,2024-09-27,PJ,83918.35
948,Timothy Malone,Grenada,North Annechester,Walker Rapid,970,(19)76363-4201,1997-07-25,2024-07-17,PF,1844.48
930,Susan Stewart,Congo,Caseyburgh,Dixon Ranch,815,(96)82417-6653,1970-05-06,2024-09-09,PF,7080.33
804,Joseph Rios,Venezuela,West Nicholas,Guerrero Burg,9214,(73)33266-8263,1970-07-17,2024-10-01,PF,7300.46
817,Mr. Edward Mullins,Gibraltar,East Candiceberg,Whitehead Summit,325,(54)38492-9178,1978-03-28,2024-06-01,PJ,88598.77
778,Teresa Montes,Solomon Islands,Atkinsberg,Devon Path,357,(59)58759-6478,1991-04-24,2024-08-23,PF,4609.77
516,Rebekah Stout,Liechtenstein,West Stephen,Evans Branch,79511,(22)39988-3223,1994-08-14,2025-01-30,PF,8390.33
942,Lisa Fleming,Peru,North Christopher,Robbins Ford,92197,(27)47069-3796,1946-05-03,2025-01-13,PF,2666.96
260,Mary Perez,Finland,Port Josestad,Solis Dale,192,+1-969-367-0269x511,1978-02-20,2025-03-22,PF,7642.67
998,Eric Camacho,Saint Lucia,Lopezfort,Vazquez Burgs,07444,6587300680,1949-04-15,2025-03-31,PF,8360.09
479,Eric Watkins,Mongolia,Port Daniel,Eric Heights,08311,(47)72237-8149,1963-07-17,2024-04-07,PJ,79229.3
441,Dana Walter,Palau,Sarahborough,Baker Port,797,(13)48104-2002,1945-02-21,2024-04-29,PF,4108.3
750,Heidi Mathews,Zimbabwe,Garciaburgh,Andrew Square,0832,(24)85518-5950,1961-03-22,2025-01-03,PF,2915.78
291,Rachel Walker MD,Tonga,Kellymouth,Butler Meadow,015,(24)24642-8714,1978-06-20,2024-10-04,PJ,30123.65
739,Jennifer Blake,Chad,Blackland,Jesse Forge,3169,(45)14030-9976,1981-04-03,2024-10-27,PF,4140.82
480,Natasha Cook,Vietnam,Millerville,Steven Trafficway,572,(17)88338-9660,2006-12-22,2025-01-18,PJ,79182.56
896,Caitlin Foster,Niue,West Cynthia,Sylvia Lake,31674,(53)52449-3289,1944-06-24,2024-06-02,PJ,11562.6
839,Tammy Vargas,Israel,North Michelleborough,Henderson Rest,3543,(38)21876-7659,1973-02-09,2024-12-01,PF,2169.75
291,Katie Cross,Western Sahara,Port Grantland,Annette Crescent,5011,(62)22509-9828,1993-02-25,2024-12-26,PF,6599.62
908,Vincent Mayo,Guatemala,East Donnaport,Casey Skyway,181,(94)21722-5913,1997-07-31,2024-11-07,PJ,26929.79
31,Dominic Richards,Iran,Port Wayneburgh,Alicia Well,42833,001-480-713-7365,1981-09-06,2025-02-15,PJ,73652.38
334,Sherri Castillo,Namibia,Chrischester,Brandon Orchard,41205,(51)73155-6554,1960-03-04,2024-09-05,PF,6701.78
167,Andrew Manning,Cameroon,New Gordonshire,Matthew Curve,911,(52)39634-8318,1967-07-09,2024-10-11,PJ,50835.55
617,Robin Williams,Iran,Lake Kathrynstad,Kristin Via,4099,(75)78442-4305,2005-03-04,2025-03-09,PJ,58856.22
5,April Shaw,Sri Lanka,Lindaville,Brad Vista,13916,(83)25671-9895,1982-07-22,2025-03-06,PF,3131.33
545,Brandy Oconnor,Cote d'Ivoire,Carolinebury,Sanders Pine,20361,(69)64238-5345,1991-01-03,2024-05-25,PJ,77185.58
406,Teresa Barrett,Swaziland,Justinburgh,Matthew Mountain,776,(21)96076-8015,1950-10-18,2025-03-25,PJ,32362.45
786,Brian Harmon,Burkina Faso,Port Stephanie,Claire Islands,809,(73)89863-8367,1962-01-20,2025-03-23,PF,9533.6
663,Cynthia Martinez,Oman,South Barryburgh,Robinson Cliff,80295,(48)61421-5841,1975-12-15,2024-12-01,PJ,91752.25
233,Bruce Ayala,Germany,Fletcherborough,Adam Manors,8537,(54)31511-2751,1982-06-21,2024-05-02,PF,5944.07
100,Kathy Berg,Mauritania,Taylorstad,Matthew Valleys,748,(70)53752-5567,1951-09-28,2025-02-01,PF,2114.06
632,James Barnes,Grenada,East Emma,Christine Expressway,56497,(41)11544-3044,2004-05-05,2024-06-17,PF,2096.66
30,Jeffrey Weiss,Mayotte,West Jamesbury,Moran Junction,93588,(79)20205-3974,1996-01-03,2025-03-10,PJ,98698.6
813,Kristin Mendoza,Sierra Leone,East Sheila,Smith Branch,3433,611.768.4634,1948-08-21,2024-10-19,PF,6830.37
609,Jay Cruz,Cayman Islands,East Evanstad,Ray Row,46806,(54)43595-2138,1988-07-28,2025-03-23,PF,5674.18
371,Justin Allen,United States Minor Outlying Islands,North Staceymouth,Kristina Hills,482,001-236-695-8923x82029,2001-04-07,2024-08-06,PJ,36817.06
260,Jessica Rivera,Canada,Gregoryfurt,Julie Ridge,2809,(63)34465-7681,1981-01-15,2024-09-15,PJ,64002.84
686,Angela Garrett,Spain,West Richardville,Hanson Falls,0992,(20)76919-3322,1948-10-14,2024-12-20,PJ,31773.2
996,Sophia Johnson,Martinique,Castanedaberg,Darryl Drive,6472,(90)83227-3444,1963-01-11,2024-07-11,PF,6251.76
414,Clayton Thomas,Austria,West Dianaville,Nelson Road,0887,(44)28074-9437,1989-06-08,2024-11-17,PF,2219.98
712,Regina Mack,Lao People's Democratic Republic,Robertsmouth,Strickland Crossing,381,(90)60940-9315,2001-01-14,2024-05-22,PJ,48834.87
143,David Smith,Japan,Matthewside,Lisa Glens,7519,(77)67682-9388,2003-03-03,2024-06-15,PF,9688.34
296,Suzanne Kim,New Zealand,North Brian,Pierce Junctions,17705,(91)63036-2566,1994-10-09,2025-04-01,PJ,54751.12
736,Joseph Romero,Tunisia,Gonzalesmouth,Perkins Route,24528,(93)79048-5217,1994-05-13,2025-01-07,PF,9450.49
91,Dr. Linda Brooks,Reunion,South John,Hatfield Trail,63755,(30)70457-6523,1965-04-02,2024-09-09,PF,3949.92
601,Stephen White,Thailand,New Melindaton,Williams Road,040,(89)87331-2353,1969-05-09,2025-03-11,PF,1488.53
959,Kimberly Dawson,Nepal,Breannaport,Hayes Green,77948,+1-970-786-9825x68646,1953-07-13,2024-06-08,PJ,46536.41
395,Alejandro Hogan,Nicaragua,Jonathantown,Angela Turnpike,941,(24)84375-1454,1949-05-27,2024-12-10,PF,2373.24
906,Katrina Jackson,Antigua and Barbuda,South Mario,Heather Mews,84569,(35)89726-1957,1986-06-08,2024-06-10,PJ,17410.58
844,Tara David,India,Jamesland,Macias Fall,00602,(32)44035-7673,1961-10-18,2024-12-02,PF,8712.77
494,Shannon Thomas,Tokelau,Lake Gregory,Miller Club,0129,(19)93729-9145,1954-08-16,2024-09-16,PJ,17128.82
949,Rebecca Richards,Comoros,Fletcherview,Crawford Course,1346,(36)44500-3651,2003-12-26,2024-07-03,PF,7448.16
663,Daniel Anderson,Chile,North Mary,Flores Meadows,737,(75)97329-5658,1971-09-30,2024-07-10,PF,6562.76
128,Tyler Bruce,Vanuatu,Shawnchester,Barnes Mission,01886,(86)85466-5873,1948-02-08,2025-02-23,PF,2913.93
401,William Porter,Martinique,Mistyside,Davis Ford,63176,(89)88329-3803,1952-11-10,2024-06-30,PF,6985.59
212,Courtney Roman,Cook Islands,Kennedyburgh,Graham Dam,79249,569-201-5003x4957,1947-12-30,2024-09-19,PJ,37668.95
484,Richard Stanley,Switzerland,New Melanieshire,Michael Fork,9954,(23)92703-3463,1987-04-16,2024-08-17,PJ,57508.51
127,Candace Short,Spain,Port Shawnmouth,Blanchard Mills,2472,(59)96244-1835,2001-04-18,2024-04-12,PF,5679.92
985,Brian Yang,Uruguay,Glennview,Medina Road,00307,(25)96902-6898,1975-07-11,2024-06-18,PF,8524.82
998,Destiny Smith,Guinea,East Joshua,Tamara Prairie,0865,(35)45124-1458,1991-09-01,2024-04-07,PJ,60528.45
664,Gloria Morton,Ecuador,East Robert,Scott Orchard,7577,(39)35536-5821,1978-04-15,2024-12-18,PJ,28160.88
74,John Brown,Swaziland,Lake Sara,Choi Course,17813,(25)47261-5664,1951-05-11,2024-11-28,PF,9572.85
941,Cody Estes,Kiribati,Stephaniefurt,Sloan Forge,8872,(10)45515-6060,1953-02-03,2024-10-16,PF,4765.18
477,Carlos Brady,Tajikistan,Kimberlyburgh,Eric Pine,1495,(97)23383-4762,1965-03-30,2025-01-21,PJ,16712.13
779,Margaret Mathews,Kenya,Parksbury,Wilson Ports,166,6147853878,1977-12-07,2024-07-26,PF,9147.21
937,William Duran,China,South Blakeborough,Duran Glen,36627,(23)91967-3246,1970-08-05,2025-01-24,PF,5439.03
795,Christy Martin,Lesotho,Port Andre,Palmer Summit,56360,(42)58588-5589,1972-02-07,2024-04-18,PF,9768.59
392,Julie Wright,Canada,North Melissaberg,Roberts Villages,04405,(49)59898-2080,1956-03-13,2024-04-07,PF,8167.42
197,Colleen Brooks,Guam,New Amberview,Wiggins Street,292,(55)26993-5273,1991-11-03,2024-11-17,PF,5621.4
815,Lisa Finley,Saint Helena,Port Evelyn,Debra Burg,5921,(37)29422-3100,1965-12-27,2024-07-21,PF,7517.61
636,Susan Robertson,Turks and Caicos Islands,North Amandaville,Johnson Expressway,9896,(54)89442-3829,1978-12-04,2025-02-02,PJ,60682.59
69,Alexander Robinson,Benin,Starkland,Cheryl Islands,409,(35)79161-7028,1963-11-26,2024-05-02,PF,2810.31
248,Brittany Petty,Ukraine,North Andrewborough,William Walks,27690,(37)33469-8974,1946-10-04,2024-08-22,PJ,40505.6
876,Ashley Johnson,Bahrain,Rickyville,Gordon Views,56573,(831)917-1940,1974-11-30,2024-06-29,PF,8385.45
532,Dana Lewis,Latvia,Adrianmouth,Angela Garden,159,(78)68387-8047,1999-04-03,2024-10-07,PF,1437.65
855,Paula Castillo,Uganda,Port Glenda,Chambers Canyon,927,(83)47055-8597,1944-11-23,2024-05-03,PF,3863.72
936,Mark Johnson,Timor-Leste,Murrayberg,Jorge Knolls,3778,(64)64110-1838,1945-11-23,2025-02-09,PJ,76835.1
440,Edward Vincent,Namibia,Aimeetown,Ramos Brook,72527,(55)85318-3044,1978-11-24,2024-07-12,PJ,93264.24
613,Mr. Timothy Bentley,Papua New Guinea,Singhbury,David Rapids,6854,(52)13825-8600,1971-09-10,2024-07-29,PF,8404.25
858,Steven Smith,Burkina Faso,Duncanchester,Connie Isle,5292,(58)53471-1724,2003-03-30,2024-12-26,PJ,83624.86
972,Dr. Charles Thompson,Uganda,Port Michele,Carroll Island,837,(91)61693-6698,2001-04-05,2025-01-28,PF,5157.33
225,Michele Robertson MD,Australia,Lake Robert,Bowman Prairie,7567,(65)22968-3533,1968-04-14,2024-11-14,PJ,19645.91
699,Terrance Jackson,Guyana,Danielfurt,Donna Street,17597,(37)17394-5699,1952-03-20,2025-02-25,PF,1900.19
847,Lisa Bowen,Bahrain,South Joshuamouth,Phelps Cliffs,75846,(38)64670-9734,1998-10-10,2024-05-08,PJ,52811.08
398,Wendy Trujillo,Somalia,Johnsonmouth,Derek Camp,68915,(71)21931-7372,1946-10-27,2024-08-06,PJ,35612.19
686,Debra Warren,Burkina Faso,East Joseph,Madeline Estates,930,(21)36063-9727,1994-09-09,2024-11-03,PJ,39512.15
45,Kent Reed,Northern Mariana Islands,Davisborough,Juarez Brooks,02800,(78)84133-6961,1994-04-21,2024-04-26,PF,7018.4
17,Jill Avery,Micronesia,Torresview,Collins Road,370,(97)68049-8598,1971-02-10,2024-08-19,PJ,86851.53
700,Anita Barnes,Libyan Arab Jamahiriya,East Nancybury,Boyd River,83737,(16)35301-8530,1957-03-02,2024-06-25,PJ,68181.62
502,Destiny Decker,Palestinian Territory,South Morganshire,Kathy Points,11848,(66)34993-9130,1962-09-04,2024-06-21,PF,7975.79
548,Karen Cisneros,Monaco,Lake Gabriellestad,Singleton Skyway,06230,(12)91769-8007,1983-09-18,2024-08-29,PF,3791.25
178,Mr. Nicolas English,El Salvador,South Antonio,Williams Wall,822,(40)86658-7510,1964-08-29,2024-08-28,PJ,56158.08
672,Joseph Lee,Dominica,New Petershire,Matthew Locks,46903,(17)66298-5397,1985-08-05,2024-04-18,PJ,29422.31
884,Robert Fernandez Jr.,United Arab Emirates,South Joe,Cook Spring,0355,(54)90578-4152,2002-09-20,2025-03-04,PF,1876.55
88,Michelle Little,Christmas Island,West Williamside,Eric Ridge,980,(59)23862-9246,1956-12-27,2024-05-01,PF,2931.89
35,Logan Delgado,British Indian Ocean Territory (Chagos Archipelago),Martinburgh,Dodson Villages,0710,001-370-642-4439,1985-07-14,2024-05-25,PF,6029.84
102,Gary Baker,British Virgin Islands,South Scotthaven,Bishop Mount,9908,(11)79634-8754,1973-03-14,2024-07-23,PF,7713.03
446,Tonya Henderson,Hungary,Jessicafort,Pamela Radial,902,(12)92984-3706,1976-09-14,2025-01-30,PJ,53113.64
183,Spencer Moore,Andorra,Stephanieborough,Kelly Spurs,531,(61)23579-8230,1983-09-13,2024-04-10,PJ,62400.13
213,Julia Washington,Heard Island and McDonald Islands,North Linda,Mcpherson Lodge,76490,(78)77206-5001,1997-06-30,2025-02-07,PJ,54200.37
322,Matthew Rodriguez,Botswana,Mollyville,Collins Road,66635,(46)36671-8336,1986-10-12,2025-04-02,PF,2907.67
421,Crystal Smith,Oman,Eatonside,Adam Circles,568,(72)67197-4043,1963-03-31,2024-04-30,PF,7442.39
36,Amber Davila,Grenada,North Karenburgh,Monica Mountains,31798,(98)41437-3084,1946-02-27,2025-02-01,PJ,53788.52
632,Benjamin Henderson,Hong Kong,West Stevenchester,Allison Glen,9781,(47)11719-9668,1953-12-30,2024-09-29,PJ,70522.64
280,Fernando Carr Jr.,Mongolia,Port Peter,Sandra Common,2047,(48)34380-2355,1966-11-11,2024-07-30,PJ,14940.63
855,Thomas Hart,Egypt,Johnsonland,Rhodes Shoals,3316,(40)53017-8547,1999-11-06,2024-05-19,PJ,19316.34
426,Stanley Davis,Fiji,Port Nicole,Wilson Fords,7857,(89)80293-9314,1986-07-17,2025-03-05,PF,3751.43
318,Michelle Gordon,Montenegro,Huangshire,Sandra Ford,68865,(406)746-9668x30802,1976-07-05,2025-01-21,PF,4770.24
807,Ernest Ferguson MD,Slovakia (Slovak Republic),South Ashleyland,May Circle,513,(36)93656-3348,1966-07-15,2025-01-17,PJ,35124.05
40,Shelly Hall,Mauritania,East Jeremy,Stevens Isle,870,(42)93255-8174,1983-05-20,2024-08-04,PJ,51809.74
100,Thomas Perez,Hong Kong,Smithbury,Smith Causeway,43764,(91)67419-7039,1983-02-04,2025-01-13,PF,8894.1
362,Jennifer Pittman,Niger,West Anitamouth,James Orchard,50409,(36)67133-8754,2005-07-24,2024-10-28,PF,9200.34
271,Derek Carlson,Equatorial Guinea,Port Marybury,Lang Streets,6767,(53)59066-3543,1966-04-18,2024-05-29,PJ,34240.97
956,Derrick Cervantes,Peru,East Christopher,Susan Springs,9170,(98)73139-9419,1957-07-21,2025-03-22,PJ,73738.87
898,Kathryn Chang,Monaco,Alyssaton,Luke Trace,534,(61)75942-5752,1992-06-07,2024-09-09,PJ,22084.88
236,Victoria Larson,China,Lake Michaelport,Kimberly Branch,57127,(98)64726-9165,1949-08-13,2024-11-10,PF,6556.59
508,Joseph Sanders,Libyan Arab Jamahiriya,North Davidshire,Washington Causeway,24693,+1-677-396-9054x058,1996-12-08,2025-03-21,PJ,38361.41
140,Michael Rice,Czech Republic,Port Angela,Nathan Rest,5389,(67)37204-1364,1953-10-15,2024-09-11,PJ,86616.85
334,Christopher Huffman,Vanuatu,Lake Allenport,Stephanie Street,8322,(32)70028-8096,2000-10-14,2025-03-16,PF,1985.2
270,William Clark,Wallis and Futuna,Lisafort,Justin Meadows,2615,(50)90059-7440,1986-05-26,2024-06-07,PJ,53559.79
652,Kathleen Singh,Netherlands Antilles,Wallaceberg,Harper Mews,60906,(50)66728-8677,1964-05-31,2025-03-14,PJ,40267.55
536,Manuel Massey,Timor-Leste,New Christopherton,Murphy Key,049,(83)22426-7830,2004-12-20,2025-02-25,PJ,44052.91
630,Mark Becker,Svalbard & Jan Mayen Islands,Amytown,Yvonne Forks,403,(81)42056-3981,1961-09-27,2024-06-08,PJ,51553.12
341,Nicole Coleman,Mozambique,Sheaberg,Melissa Valley,222,(42)93974-3090,1961-09-06,2025-01-24,PJ,55985.24
687,George Carlson,Korea,Perezshire,Jason Circles,42747,(33)90125-2624,1967-04-14,2024-11-20,PJ,13652.07
920,Teresa Williams,Mongolia,East Timothy,Chavez Alley,1198,(72)91586-1773,1949-09-11,2025-03-11,PJ,95993.86
562,Kevin Jackson,Turks and Caicos Islands,Richardton,Jonathon Locks,564,+1-688-786-1683x14490,2004-11-07,2024-10-19,PF,5917.19
418,Thomas Taylor,Finland,Lake Darrelltown,Michelle Pines,9122,(78)60649-5923,1981-03-27,2024-09-19,PF,3087.21
519,Jennifer Lindsey,Jamaica,East Nicholaschester,Burch Spur,2143,(26)36527-4929,2002-04-21,2025-01-19,PJ,81138.02
161,Tonya Thompson,Guyana,Owensstad,Morgan Meadow,44909,(44)30227-5229,1968-07-03,2024-12-28,PJ,24600.23
434,Elizabeth Thomas,Liberia,Jenniferstad,Ray Trafficway,49600,(10)17754-2343,1955-10-02,2024-08-14,PJ,31438.02
601,Cynthia Morales,Saint Pierre and Miquelon,Taraview,Dylan Village,2157,(27)25839-9891,1955-03-16,2024-10-09,PF,8096.59
122,Lee Jones,Faroe Islands,Whitetown,Elizabeth Plaza,20021,(67)37188-7531,1969-04-10,2024-08-25,PF,7309.69
708,Brandon Sullivan,Pitcairn Islands,Port Lindaport,Kelly Vista,845,(71)33035-6497,2001-12-27,2025-02-10,PF,7323.73
274,Melinda Jones,United States Minor Outlying Islands,Jonesburgh,Justin River,81131,4493701276,1994-11-15,2025-03-21,PJ,21187.28
7,Michael Weiss,French Guiana,Harttown,Stacy Keys,07546,(68)43165-3031,1959-10-20,2024-09-07,PJ,42579.02
435,Shelby Moran,Colombia,Craigbury,Velez Island,425,(57)47470-2562,1955-06-25,2024-12-29,PF,7310.98
968,Alex Watson,Vanuatu,Catherinebury,Hutchinson Spurs,7238,(91)45677-2170,2003-03-22,2024-06-21,PJ,30021.5
256,Walter Burton,Tajikistan,Danielmouth,Yang Corners,8741,(76)41173-2045,2000-10-24,2024-08-24,PJ,37768.31
862,Debra Nichols,Samoa,Markchester,Mclean Hill,90943,(38)95828-6419,1955-10-18,2024-10-08,PJ,79125.91
522,Rachel Wilson,New Caledonia,Higginsport,Dawn Square,276,(61)86116-8841,2005-05-20,2024-11-05,PJ,72638.9
516,Adam Hubbard,Sao Tome and Principe,Cameronton,Martinez Wall,48553,(18)88213-3399,2004-07-17,2024-10-18,PF,1357.34
922,Sarah Fuller,Yemen,Scottside,Kenneth Way,95491,(41)96516-1989,2002-03-22,2024-05-09,PJ,68065.32
214,James Evans,Yemen,North Robertside,Justin Course,262,(18)83883-6902,1954-06-23,2025-02-28,PF,8516.2
860,John Lee,United Kingdom,Rodriguezton,Hughes Roads,6971,(66)34399-7549,1977-06-12,2024-12-22,PF,6155.31
48,Kayla Good,Timor-Leste,Port Victoria,Lisa Shores,662,(30)14766-1027,1951-08-26,2024-06-10,PF,3582.45
711,Warren White,Ethiopia,Terryhaven,Joseph Vista,1437,(96)35986-8188,1962-04-17,2024-10-17,PJ,65224.93
180,Jeffrey Rosales,Tajikistan,Danielmouth,Rachel Forks,48868,(27)95753-8151,1970-02-09,2024-08-07,PF,4591.86
64,Matthew Blevins,Romania,New Jeffrey,Hurley Spurs,5092,001-631-761-3690x98399,1994-04-05,2025-03-04,PJ,32696.81
173,Steven Williams,Canada,North Judith,Ellis Freeway,500,+1-454-854-1003,2002-11-22,2025-01-05,PJ,53943.58
793,Russell Miller,Andorra,Brianton,David Manors,5068,(84)37398-6693,1955-01-30,2024-04-08,PF,8640.76
537,Ryan Berry,Korea,Farmerside,Christina Radial,028,(34)25845-4933,1960-01-13,2025-02-06,PF,1401.51
514,Kristina Glover,Solomon Islands,East Danny,Thomas Landing,7616,001-958-345-9314x59117,1973-09-19,2025-01-20,PF,2653.13
762,Dr. Bianca Kim,Turks and Caicos Islands,Ewinghaven,Angela Parks,1225,(43)83287-9950,1963-01-01,2024-06-11,PF,1001.09
526,Victor Giles,Cuba,Villanuevashire,Michael Estate,8013,(66)38318-1497,1966-06-14,2024-08-13,PJ,65920.04
502,Michael Miller,Dominican Republic,New Ginafurt,Campbell Drive,942,(37)35006-6212,1959-12-20,2025-03-19,PF,8631.54
776,Jamie Miranda,Anguilla,West Ryan,Jose Turnpike,6718,(78)68949-4664,1958-05-09,2024-08-08,PF,7291.63
366,Holly Nielsen,Togo,North Sabrinaland,David Divide,2835,(32)35812-5303,1992-11-04,2025-02-23,PF,3030.54
58,Carmen Mays,Mali,Gonzalezstad,Martinez Spurs,77603,(65)24960-7901,1953-06-07,2024-09-12,PF,2178.81
253,Marc Diaz,Cayman Islands,Hannahview,Donald Passage,615,(60)51163-8635,1961-02-14,2024-11-07,PF,8856.34
71,Tracy Ford,Congo,Munozland,Ibarra Drive,7070,(54)21564-7132,1983-01-24,2024-04-09,PF,2536.82
383,Andrew Jackson,Moldova,Lake Brianaburgh,Ponce Shores,38146,(67)56698-1023,1976-10-11,2024-09-28,PF,4667.83
388,Monique Booth,Hong Kong,Pittsfurt,Crystal Forge,347,(58)98605-6315,1997-06-14,2024-08-16,PF,4617.18
165,Kathryn Tucker,Wallis and Futuna,Robertland,Brandon Streets,16564,(44)86546-2730,1955-12-29,2025-04-02,PJ,12983.5
82,Christopher Mooney,Estonia,Port Kristinaborough,Alexandria Estates,664,(29)51032-6916,1999-05-24,2024-10-13,PJ,37442.19
878,Wendy Diaz,Dominica,West Charles,Kelly Causeway,3482,(47)92534-6154,1992-01-08,2024-09-05,PJ,49612.42
571,Nicole Austin,Togo,North Johnstad,Moore Turnpike,4368,(97)41023-1357,1980-04-13,2025-03-22,PJ,13000.86
982,Kevin Martin,Australia,North Heatherberg,Drew Crossing,0090,(56)37397-3738,1998-02-05,2024-08-14,PJ,17972.57
6,Daniel Peterson,Slovenia,Bernardville,Jackson Park,6322,(13)84530-9656,1964-11-06,2025-03-25,PJ,30982.69
467,Jacob Martin,Burkina Faso,West Kathrynville,Jo Wall,78577,(19)28117-8307,1985-08-30,2024-11-22,PJ,74286.76
65,Lindsay Copeland,Dominica,Kathrynside,Sanchez Bypass,6342,(56)56097-9353,1946-05-02,2025-01-15,PF,4539.12
994,Daniel Wiggins,Aruba,Port Timothyland,Todd Cliff,930,(26)99375-2605,1998-12-27,2024-11-04,PJ,49324.28
641,Teresa Collins,Israel,Lake Katherine,Joseph Plaza,4174,001-679-380-4451,1954-11-10,2024-11-25,PJ,72213.69
25,Justin Chavez,Poland,New Troystad,Micheal Square,520,(82)88290-5778,1982-07-07,2024-08-02,PJ,22609.21
181,Rachel Jimenez,Guatemala,Bennettbury,Brandon Harbors,6311,(86)79333-3205,1964-09-06,2024-12-20,PJ,14882.61
506,Cory Johnson,Sudan,West Charlesborough,Amy Cove,436,(79)40754-5697,1946-01-02,2024-06-24,PJ,63608.98
689,Leslie Durham,Costa Rica,New Desireetown,Holland Village,470,(29)46655-2939,1985-06-02,2024-04-24,PF,3377.07
781,Michael Green,Mauritania,Janeton,Travis Ford,77231,(36)55246-4916,1952-09-07,2024-12-04,PJ,95198.79
398,Kevin Stout,United Kingdom,Rodriguezbury,Khan Ranch,2756,(22)88949-1253,1999-03-05,2025-01-06,PJ,32632.58
932,Kurt Peterson,Honduras,Port David,Arias Oval,101,(93)75293-1647,1973-03-17,2024-05-25,PF,9309.84
648,Samantha Spence,Poland,East Ann,Collins Cape,93089,(43)34565-5155,2000-05-30,2024-09-20,PF,2743.86
317,Cassandra Snyder,Micronesia,North Charlesport,Jill Point,061,(63)86730-8097,1984-09-20,2025-03-10,PJ,91400.22
983,Anthony Williams,Bermuda,Brooksfort,Martin Plaza,315,(87)16254-4027,1959-09-13,2024-06-04,PF,5782.81
962,Elizabeth Price,South Georgia and the South Sandwich Islands,Ernestmouth,Eric Cape,0366,(64)26681-3060,1964-09-28,2024-04-13,PF,4949.37
263,Christopher Krause,Saint Lucia,Port Melissa,Gallagher Squares,596,+1-511-500-9071,1992-07-10,2024-05-21,PF,2395.8
182,Stephen Case,Botswana,Reynoldsland,Davis Hill,747,(73)48061-6760,2000-05-11,2024-07-27,PJ,93614.0
172,Terri Davis,Saint Vincent and the Grenadines,Sarahtown,Sharon Forge,64892,(94)70488-9385,1973-06-27,2024-09-03,PF,9454.85
485,Cynthia Harris,Macao,East Cheryl,Rice Court,60744,(25)31099-1098,2000-08-28,2024-07-30,PJ,84908.42
6,Christian Tyler MD,Somalia,West Scott,Mosley Cliff,8133,(42)35844-1790,1995-04-17,2025-01-27,PJ,22404.72
366,Diana Hatfield,Swaziland,Frankmouth,Kelly Center,92856,(98)36129-7858,2002-04-14,2024-05-24,PF,9590.08
222,Marcus Young,Tunisia,Clarkmouth,Jennifer Stream,140,(77)74658-7182,1977-03-02,2024-05-20,PF,8744.68
60,Rose Burgess,Guatemala,Robertchester,Cindy Parks,49541,684.418.2247x64143,1958-01-05,2024-04-27,PF,1138.67
919,Melissa Lam,Cocos (Keeling) Islands,Gregoryport,Brown Haven,82517,(85)71479-9933,1990-12-03,2024-12-30,PJ,99558.91
769,Frances Morgan,Finland,Rileystad,Jean Points,1027,(24)42071-9637,1945-02-06,2024-09-28,PJ,47942.55
369,Austin Delacruz,North Macedonia,East Scott,Moss Dale,5461,(92)77783-1027,1950-12-28,2024-05-20,PJ,13560.55
99,Charles Costa,Gabon,Lisaview,Peterson Place,92945,(89)63417-6693,1959-02-19,2025-02-13,PJ,97671.8
902,Victoria Vasquez,Puerto Rico,South Matthew,Karen Stream,566,(30)77662-4216,1987-08-13,2024-07-11,PF,2307.6
516,Leslie Rogers,Peru,Lindashire,Fitzgerald Streets,036,(83)80497-9549,1989-01-30,2024-10-23,PJ,75936.34
540,Erik James,Belize,West Bethchester,Morris Ville,0090,(67)98889-2164,1947-07-14,2024-08-06,PJ,63091.42
557,Jeffrey Hunt,New Zealand,Oliviatown,Price Ports,0890,(88)98022-3975,1951-07-22,2024-10-28,PJ,99189.15
738,Angela Peterson,Japan,Thompsonville,Lopez Lights,87354,(59)76553-1280,1967-12-03,2024-06-14,PF,9743.98
694,Jennifer Carroll,French Guiana,Port Tinaland,Smith Cliffs,7237,(91)34114-1230,1971-07-14,2024-11-17,PF,6455.9
694,Andrew Allen,Bahamas,East Robert,Autumn Rest,2077,(17)40919-7292,1952-09-14,2024-10-14,PJ,41447.39
921,Becky Lopez,Denmark,East Johnberg,Wang Way,0563,(97)65501-6606,1996-04-14,2024-07-27,PJ,28106.83
43,Sarah Jones,Liechtenstein,New Tiffany,William Village,70450,(68)46724-9692,1989-08-27,2024-07-16,PF,8930.38
990,James Santana Jr.,Guadeloupe,Ryanbury,Alice Fall,99588,(93)67351-2127,1988-08-09,2024-09-24,PJ,64187.3
646,Meghan Adams,Trinidad and Tobago,Jamiefurt,Barber Glens,28086,(88)92365-1315,1977-10-29,2025-02-04,PJ,16441.93
127,Lori Nixon,Yemen,Davidton,Bullock Loaf,96165,(54)65498-5904,1944-10-15,2024-12-02,PF,7287.55
287,Justin Wang,Cambodia,Port Angeltown,Kimberly Trace,61062,452.312.8696x3336,1991-11-21,2025-02-24,PF,1864.69
687,Wayne Chen,Syrian Arab Republic,South Jeffreyside,Danielle Manor,699,(46)67998-1526,1967-01-12,2024-09-17,PJ,12590.61
585,Sharon Atkins,Azerbaijan,South David,Brenda Rest,19952,(55)63108-5198,1948-06-30,2024-10-13,PJ,82254.44
476,Lawrence Bennett,Togo,Port Duane,Diane Fort,840,(74)45689-6992,1971-09-09,2025-01-13,PF,4984.59
417,Thomas Joyce,Lithuania,Wilsonhaven,Reynolds Wells,77435,(65)81348-4552,1981-01-17,2024-12-05,PJ,18828.24
153,Jason Davis,Liberia,Lisaside,Peterson Tunnel,66311,(10)56434-4201,2005-11-15,2024-11-02,PJ,59124.0
77,Mark Brown,Dominica,Perkinsland,Johnson Tunnel,98702,(56)20378-8578,1995-09-15,2024-11-07,PJ,90755.8
307,Martin Barnett,Zimbabwe,Lake Louisberg,Judy Circle,079,(58)50595-6519,1981-12-15,2024-10-01,PJ,79301.67
555,Collin Reilly,Japan,East Samantha,Horton Points,0055,(29)42885-2521,1950-03-06,2025-02-20,PF,1138.81
820,Denise Hayden,China,Tonyafurt,Anderson Springs,688,(88)40701-9269,1984-04-25,2025-01-31,PJ,31045.6
349,Jennifer Garcia,Gibraltar,New Andrew,Owen Ports,67999,(31)30173-1547,1986-09-07,2024-11-11,PJ,89843.93
740,Monique Murphy,Turkey,Estesbury,Robert Grove,5323,(28)46160-6352,2002-01-07,2024-07-06,PF,1621.2
463,Ryan Lewis,Bermuda,Philipville,Lamb Island,181,+1-533-735-4796x41401,1998-05-21,2025-03-22,PJ,78598.85
231,Ryan Burgess,Zimbabwe,Lake Susanfort,Adrienne Roads,855,(50)94550-1974,1953-03-20,2024-09-06,PJ,76668.26
461,Dr. Susan Gonzalez,Lebanon,Alexanderberg,Collins Rue,53302,(16)53697-7767,1978-09-03,2024-04-18,PJ,46933.86
18,Michelle Howard,Western Sahara,North Richardfurt,Michael Islands,06436,(73)40000-1019,1998-09-06,2025-02-28,PF,4103.78
357,Carlos Francis,British Virgin Islands,East Tony,Wheeler Ridges,99077,(38)47091-5324,1955-10-17,2024-07-04,PJ,47726.41
436,Annette Sandoval,Swaziland,West Amanda,Christina Ranch,80412,(35)32304-1486,1947-04-29,2024-06-11,PF,7019.41
314,Paul Cox,Western Sahara,North Katiemouth,Rodriguez Tunnel,5555,(52)49007-3618,1947-12-24,2025-03-13,PJ,92027.28
451,Joshua Morton,Argentina,North Brettview,Troy Camp,31821,(30)79161-5832,1984-06-12,2025-04-03,PF,7257.65
751,Anna Velazquez,Somalia,Morganchester,Barber Field,752,(82)43893-9949,2001-01-16,2024-12-19,PJ,19622.15
566,David Ramsey,United States Minor Outlying Islands,Westview,Samuel Wells,10905,(22)34425-3645,1949-11-27,2024-06-12,PJ,41512.28
825,Samantha Newman,Belgium,Coxmouth,William Mills,9018,(18)14240-2788,1994-09-07,2025-01-12,PJ,18780.19
16,Jeanette Peterson,Timor-Leste,South Teresashire,Dylan Common,2402,(23)45478-8923,1992-12-21,2024-08-14,PF,8023.5
520,Anthony Garcia,Azerbaijan,South Christopherbury,Vazquez Manor,639,(68)55657-4626,2005-05-01,2024-12-05,PF,9741.96
464,Juan Hamilton,Nepal,Willishaven,William Road,310,(64)79819-9342,1997-07-16,2025-01-17,PJ,54252.64
925,Christian Gates,San Marino,North Justin,Wiley Oval,1775,(43)10620-9772,1945-10-26,2024-11-19,PJ,37453.89
502,Nicholas Zimmerman,Singapore,Williamsmouth,Lawrence Tunnel,4516,(38)75661-3720,1992-06-26,2025-02-24,PJ,50344.7
588,Jennifer Gonzales,Yemen,West Justinhaven,Brown Gateway,53965,(30)53008-7963,1968-01-21,2025-04-04,PF,8738.53
281,Matthew Ramos MD,Vietnam,Scottside,Conner Key,7750,(43)18565-4423,1989-06-23,2025-01-21,PF,9191.76
419,Andrea Roberts,Madagascar,Stoneburgh,Tran Port,5919,(85)19538-5969,1994-02-13,2024-06-23,PJ,74896.65
447,David Reid,Samoa,West Pamelaside,Gonzalez Trace,9296,(47)89808-7873,1978-04-07,2024-09-29,PJ,76712.49
629,Eric Foster,Micronesia,Andreachester,Kennedy Green,58947,(87)99028-3400,1985-04-20,2024-08-16,PJ,99825.91
597,Kristen Smith,Mauritius,Cherylburgh,Donna Prairie,717,(45)43938-8620,1946-05-15,2024-09-07,PF,5705.09
899,Jennifer Harrison,Saint Helena,Victoriaton,Cooper Lock,6654,(28)45863-2161,1953-10-16,2024-06-17,PJ,34850.78
490,Todd Johnson,Grenada,East Peter,Moore Lodge,90335,(91)36781-7702,1979-11-03,2025-01-11,PJ,66641.38
667,Harold Knight,Niue,New Laurenland,Ruiz Lodge,24704,(55)76374-5009,1997-02-27,2024-12-09,PF,7394.54
309,Amanda Villa,Antarctica (the territory South of 60 deg S),Martinezburgh,Butler Trail,86008,(44)17214-5354,1972-05-25,2024-07-30,PJ,63371.12
892,Robert Stokes,Saint Kitts and Nevis,Ashleyview,Ryan Light,27161,(17)86402-3349,1992-12-18,2024-06-10,PJ,74177.54
770,Ryan Patterson,Korea,Leeland,Butler Viaduct,44437,(67)73285-8466,1968-08-28,2024-05-15,PJ,88735.22
278,Christine Brown,Bolivia,Port Laurenmouth,Wright Causeway,43088,(91)36395-4792,1964-03-27,2024-08-23,PF,4562.99
215,William Roberts,South Georgia and the South Sandwich Islands,Munozfurt,Kyle Island,95126,(75)47914-4988,1946-08-18,2024-05-27,PF,4170.38
154,Steven Richards,United Kingdom,New Katherinefurt,Cook Well,60518,(51)44240-9722,1951-12-18,2025-01-04,PJ,68204.36
422,Stephanie Vazquez,Isle of Man,Markhaven,Leslie Falls,823,(93)95490-3116,1986-02-11,2024-11-18,PF,2876.28
515,Krystal Schneider,Monaco,Meghanburgh,Christopher Estate,702,(12)33162-8681,1947-07-19,2024-10-29,PJ,29233.77
377,Gabriela Morris,Cote d'Ivoire,Lake Jessicaburgh,Karen Valleys,0266,(98)32094-8933,1987-05-01,2024-11-16,PJ,29038.08
490,Autumn Ward,Dominica,Kaylafort,Smith Mews,28862,(51)79516-2095,1989-02-19,2025-02-11,PF,2680.85
71,Jose Davis,Australia,Hartfort,Michelle Fork,969,263-872-5572x788,1954-05-09,2025-01-31,PF,3121.3
922,Autumn Obrien,Cook Islands,South Elizabethmouth,Danny Station,2561,(19)14655-2175,1964-07-02,2024-05-12,PJ,52469.49
706,Tanya Baldwin,Albania,Annetteton,Martinez Vista,213,+1-975-258-5823x988,1966-11-03,2025-01-29,PJ,87395.88
532,Keith Graham,Dominican Republic,Jesusville,Arthur Spurs,7145,(71)39913-6048,1965-01-02,2025-01-07,PF,8495.97
107,Kathryn Stewart,Afghanistan,South Dianemouth,Valerie Hill,6743,(67)66192-1681,1972-08-26,2024-09-11,PJ,85494.87
883,Amanda Reed,Lebanon,North Beth,Margaret Groves,32409,(97)81268-3929,1998-04-04,2024-05-22,PJ,39908.07
382,Ashley Rollins,Ethiopia,Tammyfort,Monica Avenue,50154,(67)60371-1932,2000-08-24,2024-04-14,PF,5578.79
331,Justin Medina,Indonesia,Lunabury,Elizabeth Place,141,(93)97558-6036,1947-10-13,2025-03-17,PF,5668.52
831,Emily Chavez,Mayotte,East Jillbury,Brittany Shores,68311,(12)25046-4766,1956-02-24,2024-04-06,PJ,70292.03
618,Tammy Smith,Hong Kong,Emilyshire,Brooks Spring,959,(55)33574-9897,1975-02-17,2024-07-03,PJ,20647.75
697,Jackie Peterson,Nicaragua,North Jason,Campbell Tunnel,3364,(32)76767-5214,2003-04-21,2024-10-12,PF,2530.78
976,Michael Crawford,Wallis and Futuna,Lake Margaretside,Hancock Union,50782,(97)53174-9637,1960-09-25,2024-10-11,PF,2620.88
960,Caitlyn Fowler,Isle of Man,New Kylieton,Nguyen Locks,6422,(96)94799-9529,1990-12-29,2024-12-16,PF,4976.13
813,Carla Taylor,Saint Vincent and the Grenadines,Port Joshuastad,Mason Overpass,14013,(46)34595-1234,1951-01-23,2024-07-09,PF,5080.7
426,Angela Waters,Angola,North Brendaton,Davis Valley,79871,(92)94001-5430,1984-11-28,2025-03-12,PJ,35105.53
301,Matthew Hopkins,Sierra Leone,North Brianville,Andrew Square,3874,(60)25815-7632,1969-06-02,2024-07-13,PJ,35378.36
901,Christopher Fernandez,Belarus,Choistad,Tran Spur,63790,(14)25697-4045,1983-05-19,2025-01-03,PF,3234.73
82,Michael Nichols MD,Rwanda,East Thomastown,Christopher Squares,95853,(74)27496-9834,1960-05-10,2024-12-01,PF,7415.18
93,Logan Mcdonald,Marshall Islands,North Ronaldmouth,Holly Canyon,269,(30)30322-4217,1965-07-28,2025-02-09,PF,8919.9
